attendance,internal_marks,assignment_score,mid_sem_score,previous_gpa,participation_score,backlogs,final_result
95,18,9,12,3.47,1,3,0
60,12,17,46,5.62,5,1,1
74,10,17,34,4.17,5,1,1
71,29,16,16,5.9,3,0,1
65,11,5,44,6.34,8,3,0
51,7,9,29,6.97,7,0,0
49,18,16,40,7.87,9,4,0
85,13,10,38,6.94,1,4,0
95,5,12,29,3.58,7,3,0
51,11,9,37,7.03,8,1,1
42,11,9,43,8.49,3,0,0
51,10,14,32,6.85,8,1,1
52,7,11,26,4.61,5,1,0
82,14,19,43,8.82,6,3,0
45,7,19,11,8.11,1,3,0
98,17,10,40,7.71,4,1,1
98,9,9,43,2.36,6,2,0
82,28,10,22,3.95,4,3,0
62,12,7,22,6.63,6,2,1
89,24,11,18,8.43,1,4,0
93,7,15,11,4.11,1,0,0
45,29,6,46,6.85,9,3,0
68,15,14,12,3.62,3,3,0
66,19,9,24,5.84,2,1,1
93,7,18,41,5.52,3,3,0
85,25,16,36,3.18,7,0,1
90,19,15,10,7.87,5,4,0
62,13,18,36,2.89,5,1,1
52,20,8,33,6.02,4,2,1
91,25,5,44,6.98,3,4,0
74,9,10,34,7.41,9,4,0
52,22,18,22,5.28,5,4,0
64,23,10,38,7.34,2,0,1
88,26,11,37,8.2,3,3,0
73,24,12,32,8.47,4,4,0
90,10,13,47,4.28,7,4,0
86,11,8,26,5.98,8,1,1
76,23,17,24,8.19,2,4,0
97,8,6,28,8.02,5,4,0
59,26,12,11,3.52,3,1,1
53,13,5,45,5.85,1,3,0
65,6,18,12,8.66,6,3,0
92,25,17,10,6.81,8,3,0
71,10,17,15,5.79,9,2,1
79,9,18,40,8.88,5,3,0
49,25,7,10,3.41,7,4,0
80,5,11,14,3.65,1,1,0
41,10,17,19,3.18,3,4,0
41,13,11,22,3.96,5,3,0
33,21,18,37,7.7,4,3,0
84,10,17,44,5.29,1,2,1
50,19,11,14,2.46,1,1,1
48,6,10,15,5.65,9,0,0
98,15,6,28,5.95,5,1,1
66,6,14,31,5.24,4,1,0
55,10,19,16,2.64,1,4,0
74,8,19,38,8.16,6,2,0
51,26,9,39,4.43,8,1,1
36,23,15,12,8.95,9,1,0
89,17,18,40,3.86,6,1,1
52,29,8,23,7.54,7,1,1
79,13,16,41,5.07,2,0,1
92,12,7,49,7.89,5,0,1
30,7,5,17,5.37,5,4,0
90,23,13,26,7.13,9,3,0
87,6,10,31,5.11,5,0,0
99,17,5,12,2.07,9,0,1
44,29,12,22,6.63,7,1,0
64,14,16,44,3.11,2,2,1
99,23,16,22,6.42,7,1,1
52,16,19,37,4.18,2,1,1
93,13,11,37,2.31,8,1,1
92,18,8,35,7.7,6,1,1
53,10,17,41,6.52,1,2,1
40,17,14,47,8.33,7,1,0
53,17,6,10,4.25,9,1,1
60,29,16,39,8.15,5,4,0
43,20,12,28,2.69,4,4,0
66,26,18,26,2.58,4,3,0
91,7,14,27,2.16,1,4,0
89,17,13,14,2.09,1,4,0
61,27,18,26,5.14,1,4,0
49,21,6,10,2.87,6,2,0
37,23,6,29,2.32,4,4,0
56,18,15,17,2.01,2,4,0
48,8,7,23,8.48,1,4,0
94,10,13,22,5.61,9,3,0
85,27,12,39,2.69,1,3,0
59,8,9,39,6.28,5,4,0
47,9,6,12,6.42,2,2,0
32,8,15,45,5.44,9,0,0
37,26,12,25,3.85,1,4,0
69,21,7,27,6.04,8,1,1
30,21,7,30,5.72,3,0,0
94,19,9,49,5.3,9,2,1
52,21,8,10,6.98,1,0,1
58,21,16,35,3.47,2,1,1
40,10,8,25,2.38,5,0,0
39,26,5,36,6.7,2,3,0
69,7,14,43,5.86,6,4,0
36,17,13,39,4.53,4,4,0
48,10,14,32,5.18,8,1,0
45,11,15,14,3.57,7,3,0
92,17,6,42,6.72,5,3,0
31,27,8,43,4.81,4,0,0
95,24,9,15,7.97,3,0,1
81,28,15,14,6.43,1,1,1
50,13,7,40,3.11,3,4,0
65,25,5,14,4.41,3,1,1
96,21,10,37,3.56,6,3,0
65,11,13,33,4.36,8,4,0
78,10,11,20,7.09,7,3,0
77,20,13,14,2.57,8,4,0
60,21,9,14,5.35,8,2,1
41,13,15,30,4.34,9,3,0
42,10,18,42,3.57,5,2,0
62,22,17,14,5.49,6,4,0
83,10,18,42,5.4,2,2,1
74,29,18,12,6.35,3,2,1
76,14,14,25,5.28,5,4,0
37,17,17,38,2.06,7,0,0
84,14,8,17,3.51,2,2,1
37,24,13,45,2.53,6,2,0
32,17,12,36,5.46,3,3,0
88,28,6,42,8.39,6,1,1
99,25,19,40,4.39,2,1,1
88,28,15,15,7.54,2,4,0
67,14,11,45,3.03,9,3,0
99,19,12,46,3.78,7,4,0
53,10,10,44,5.01,3,4,0
67,26,13,29,8.49,2,2,1
52,24,6,30,4.63,7,3,0
45,18,16,15,5.59,9,3,0
68,26,18,25,5.57,4,4,0
96,8,12,12,4.55,5,1,0
69,13,16,23,3.96,5,1,1
60,10,16,35,3.31,9,3,0
95,28,13,13,2.58,2,0,1
49,15,16,31,8.08,6,4,0
62,20,7,22,7.14,1,0,1
66,12,18,37,5.01,7,2,1
91,20,14,19,8.28,5,3,0
60,20,12,30,8.01,6,0,1
55,29,7,28,8.25,9,2,1
80,27,17,49,5.4,7,0,1
55,15,8,34,4.63,3,1,1
61,12,9,13,4.34,8,2,1
47,19,9,16,7.82,2,3,0
63,5,14,40,6.86,9,2,0
48,10,5,18,6.91,2,0,0
72,13,15,38,2.14,5,3,0
82,14,11,46,3.29,7,4,0
51,22,19,22,8.5,7,0,1
53,17,18,14,5.77,9,3,0
64,7,14,22,2.66,7,2,0
95,29,9,35,5.08,3,1,1
47,14,6,16,8.13,5,1,0
49,16,6,25,6.4,3,2,0
85,17,10,18,6.72,4,2,1
86,29,6,44,2.5,1,3,0
89,11,8,47,2.8,4,1,1
58,9,15,28,3.21,2,3,0
47,28,9,31,4.03,1,4,0
33,22,11,29,8.04,6,2,0
75,23,13,44,5.53,6,3,0
96,28,6,39,5.45,8,0,1
50,9,11,27,6.48,4,1,0
46,5,17,20,7.33,8,0,0
83,7,9,41,2.13,2,2,0
40,22,14,15,3.71,5,3,0
75,21,8,37,6.36,4,2,1
83,14,16,42,8.09,1,1,1
37,26,14,31,5.05,5,4,0
73,12,9,47,8.05,3,4,0
31,16,6,49,8.09,8,0,0
82,10,11,10,2.71,7,3,0
88,6,11,42,5.39,4,2,0
68,16,9,43,3.86,1,2,1
92,25,8,21,6.98,4,4,0
78,26,5,22,4.98,1,0,1
47,16,13,26,2.96,6,3,0
44,5,13,16,7.06,8,4,0
43,13,14,33,7.57,5,1,0
50,7,13,48,2.82,6,1,0
49,26,16,27,5.31,6,4,0
53,28,6,22,2.19,5,2,1
32,12,14,43,8.7,3,4,0
69,17,17,27,5.12,1,2,1
33,19,16,43,2.85,1,4,0
86,29,9,20,2.62,6,4,0
96,13,16,11,4.7,7,3,0
97,12,17,35,3.66,7,3,0
42,8,9,18,2.41,3,0,0
98,5,10,26,7.88,3,3,0
93,17,11,33,8.28,5,4,0
77,5,8,36,6.69,7,3,0
85,12,14,33,7.34,3,0,1
50,7,6,26,3.37,4,2,0
63,21,15,41,6.77,6,2,1
93,21,15,25,6.73,2,3,0
55,15,9,40,8.98,3,4,0
35,21,6,30,2.76,4,0,0
86,28,5,23,2.83,3,4,0
77,27,13,46,6.35,7,2,1
46,28,19,47,5.06,8,4,0
89,11,13,40,6.29,3,0,1
65,19,7,35,8.58,2,1,1
90,17,18,39,6.1,7,0,1
85,17,5,42,7.86,7,1,1
94,10,15,29,2.89,7,3,0
87,6,9,12,4.23,3,3,0
75,5,12,42,7.0,1,4,0
54,28,17,16,3.9,3,4,0
34,15,5,41,6.74,7,0,0
63,13,13,40,6.44,6,4,0
32,28,16,43,8.86,9,2,0
50,8,19,15,8.54,5,1,0
99,27,7,45,3.02,3,0,1
72,10,15,18,8.57,7,2,1
55,8,13,37,5.93,7,3,0
34,14,5,24,3.92,2,2,0
94,19,15,23,3.2,2,0,1
70,14,16,18,3.11,8,3,0
66,28,14,19,7.42,4,2,1
98,9,8,16,5.13,6,2,0
65,18,6,20,2.2,8,4,0
43,20,10,35,4.05,8,2,0
75,25,9,27,3.72,7,0,1
91,27,19,38,3.88,7,2,1
80,8,6,35,8.24,9,1,0
90,24,13,27,2.25,7,3,0
87,14,9,33,4.21,3,1,1
33,6,7,34,6.63,7,3,0
46,7,6,11,4.25,4,1,0
88,5,11,49,5.44,1,2,0
89,10,11,16,4.47,4,3,0
94,24,6,13,3.61,5,4,0
38,26,19,15,5.81,2,4,0
41,10,14,30,2.88,2,3,0
84,9,9,39,3.47,5,0,0
98,23,15,43,7.65,9,0,1
56,21,14,14,2.91,5,0,1
65,27,7,18,4.23,8,0,1
47,21,10,28,2.78,9,0,0
37,6,9,21,7.59,6,4,0
84,16,19,26,8.33,4,2,1
67,10,18,14,3.36,1,1,1
39,12,8,23,5.72,5,2,0
63,8,19,33,4.46,2,2,0
49,8,18,16,3.57,3,4,0
45,17,19,28,7.55,7,3,0
99,10,17,14,2.05,8,4,0
61,28,13,16,5.92,1,3,0
84,28,10,14,4.2,4,1,1
90,23,13,44,4.96,3,1,1
70,24,10,12,4.78,5,0,1
92,19,6,30,4.09,4,2,1
58,27,6,27,7.12,8,1,1
65,13,16,35,3.08,2,1,1
75,26,18,15,5.91,5,3,0
32,26,10,19,2.21,4,1,0
50,17,15,25,8.14,5,0,1
99,5,6,46,2.31,3,2,0
94,6,19,49,3.21,5,4,0
73,22,5,38,7.11,5,2,1
62,7,8,11,5.64,9,3,0
61,26,19,21,5.64,3,3,0
63,5,16,22,3.74,8,0,0
54,25,12,14,5.58,6,1,1
51,21,11,10,8.73,7,2,1
49,5,18,49,5.7,1,1,0
90,25,12,48,3.05,5,0,1
89,29,9,11,7.14,8,1,1
93,5,18,26,4.37,2,4,0
98,13,14,12,2.23,9,0,1
82,26,10,41,8.79,1,0,1
52,20,14,49,6.9,5,1,1
38,18,15,43,3.63,4,2,0
84,18,12,49,2.84,2,3,0
38,28,18,28,6.42,6,3,0
31,21,10,45,7.52,5,4,0
35,15,15,32,5.36,2,3,0
51,20,16,10,2.55,5,2,1
44,22,8,25,8.33,2,1,0
81,25,11,19,2.29,4,1,1
44,14,8,42,7.33,7,1,0
38,7,6,26,2.7,1,0,0
89,5,7,36,5.02,5,0,0
62,21,19,36,8.68,5,4,0
47,25,6,46,2.84,7,4,0
57,20,11,32,5.81,8,0,1
59,6,5,48,3.02,2,2,0
62,26,18,34,3.64,9,3,0
71,9,14,31,5.72,6,1,0
53,20,7,16,2.88,8,1,1
57,25,15,47,2.44,1,3,0
49,21,13,43,5.95,1,4,0
32,16,18,18,5.78,3,0,0
56,13,16,21,3.54,9,1,1
78,27,19,19,8.94,3,3,0
39,23,7,47,4.56,6,4,0
90,29,16,42,4.07,2,4,0
68,15,19,17,3.05,8,3,0
71,11,5,42,4.67,1,3,0
43,15,9,49,3.46,9,0,0
60,24,5,18,5.57,5,2,1
60,16,6,49,2.22,6,0,1
84,16,11,26,3.91,4,2,1
43,11,11,11,7.59,4,4,0
52,6,10,32,2.38,4,0,0
63,5,7,16,5.06,3,1,0
76,6,9,10,6.05,3,1,0
57,8,18,38,2.65,8,2,0
81,5,9,16,4.05,8,2,0
57,25,7,15,8.08,4,0,1
47,10,8,43,8.97,7,3,0
97,18,10,39,6.85,1,0,1
31,21,18,40,7.92,9,0,0
61,10,13,49,3.87,7,3,0
50,29,15,40,2.07,9,3,0
59,6,17,25,8.81,9,2,0
72,21,13,14,7.1,6,4,0
92,10,15,30,7.23,4,0,1
45,24,8,11,2.1,1,2,0
85,8,13,39,4.64,6,3,0
89,12,16,48,4.37,2,3,0
57,20,8,28,7.36,3,2,1
63,22,5,37,6.65,7,3,0
43,19,7,45,5.38,7,1,0
69,5,5,26,7.61,3,1,0
39,26,8,37,4.12,9,3,0
48,18,7,34,8.4,6,4,0
64,9,5,19,5.76,1,2,0
44,28,8,32,6.07,7,3,0
83,29,5,11,8.31,2,1,1
64,19,13,23,6.41,7,0,1
83,14,9,33,6.32,9,0,1
31,26,19,36,4.57,5,0,0
50,23,7,21,6.97,1,4,0
87,24,7,39,5.17,3,4,0
90,5,9,15,8.73,6,3,0
64,5,14,28,7.67,7,0,0
45,18,10,47,5.18,9,0,0
69,9,16,29,5.66,9,1,0
72,15,10,18,2.76,6,0,1
41,8,12,45,4.11,9,3,0
78,11,12,36,7.27,8,2,1
99,28,5,23,8.81,6,4,0
33,20,11,39,3.43,5,4,0
62,9,15,12,7.67,5,3,0
91,25,10,28,3.69,8,2,1
81,27,17,36,6.32,1,1,1
53,18,10,22,4.49,5,1,1
37,29,14,44,5.78,4,0,0
48,28,8,31,7.49,1,3,0
52,10,8,40,8.24,5,0,1
59,20,18,29,5.8,4,4,0
39,27,16,39,2.2,4,1,0
32,17,5,26,8.02,2,2,0
73,14,15,48,5.04,9,4,0
55,21,10,26,5.98,5,4,0
67,10,18,42,8.46,6,3,0
67,8,19,48,6.72,7,3,0
53,28,16,30,5.71,8,0,1
91,25,5,32,4.97,2,1,1
58,27,14,13,7.45,3,0,1
57,28,15,44,7.57,3,3,0
33,13,8,40,2.41,1,1,0
86,10,14,16,6.39,7,3,0
91,25,5,43,2.11,9,3,0
59,10,10,16,8.19,1,0,1
48,11,17,28,7.13,7,2,0
57,17,16,17,6.67,5,1,1
86,15,5,30,2.09,3,0,1
39,8,11,31,4.74,4,4,0
47,23,9,43,3.1,6,3,0
72,8,18,47,6.03,1,4,0
80,5,17,36,5.53,3,0,0
68,21,16,35,8.46,9,4,0
96,20,12,13,5.67,6,4,0
74,27,5,46,3.33,3,4,0
83,15,5,46,5.84,3,4,0
78,16,8,15,6.0,1,3,0
34,6,18,10,8.04,2,2,0
38,11,16,12,6.75,4,2,0
30,29,8,17,6.14,8,1,0
60,21,17,31,6.43,5,0,1
84,27,18,22,8.66,1,2,1
44,8,18,32,3.82,8,0,0
95,29,14,14,6.36,4,1,1
71,6,12,44,2.67,6,1,0
87,20,7,25,3.41,8,1,1
50,7,9,24,4.03,3,0,0
79,21,14,31,2.92,6,0,1
32,27,19,44,4.1,4,1,0
36,22,9,32,2.91,6,0,0
37,23,19,48,7.88,4,1,0
59,9,16,48,4.79,2,2,0
46,10,10,49,4.64,4,0,0
55,16,15,29,8.64,2,4,0
97,24,18,39,6.89,6,3,0
58,20,12,11,2.41,8,1,1
93,8,9,46,7.66,9,2,0
67,19,15,43,5.65,1,3,0
38,9,17,48,3.05,8,1,0
91,24,15,14,5.57,4,3,0
78,21,10,18,2.19,5,0,1
61,11,14,49,7.91,7,0,1
51,16,10,41,3.7,2,2,1
97,24,6,13,5.7,7,0,1
69,27,17,44,8.08,2,2,1
80,22,12,13,5.28,9,4,0
58,6,18,49,8.68,9,0,0
73,27,10,11,3.0,2,3,0
66,16,11,16,6.55,8,2,1
88,10,14,41,8.02,8,4,0
89,28,12,44,4.05,6,3,0
58,23,8,32,4.38,9,4,0
33,20,8,20,2.89,4,3,0
37,14,17,44,2.25,7,1,0
34,15,7,23,7.7,8,0,0
47,14,10,33,6.89,9,0,0
81,6,13,17,5.39,1,1,0
96,7,15,14,5.71,6,0,0
72,19,17,28,3.82,4,2,1
62,16,7,26,2.42,6,1,1
71,12,17,15,7.95,3,2,1
34,5,11,43,6.51,6,2,0
84,10,6,42,3.06,1,0,1
60,25,15,46,6.16,7,3,0
52,26,5,26,7.0,5,3,0
51,26,14,10,6.09,1,0,1
32,12,18,13,3.9,2,0,0
97,18,17,17,6.34,3,4,0
60,22,12,26,4.54,1,4,0
88,23,10,42,5.43,5,0,1
49,13,15,13,2.37,9,2,0
60,15,19,21,3.93,9,4,0
35,5,8,14,7.0,3,1,0
76,12,7,17,5.93,2,0,1
50,12,5,33,4.34,1,4,0
55,22,18,38,7.29,5,1,1
68,12,13,46,7.82,9,1,1
73,5,19,36,7.49,7,0,0
60,15,6,17,7.32,3,4,0
30,27,19,24,5.17,5,2,0
50,17,9,38,3.75,3,4,0
91,28,15,27,7.46,6,2,1
59,12,6,48,2.07,9,1,1
87,29,12,12,4.97,1,0,1
73,17,17,33,7.46,4,1,1
68,19,14,46,4.12,1,3,0
98,14,12,12,4.17,5,3,0
96,7,13,32,8.4,9,1,0
36,10,16,45,5.28,4,2,0
40,11,18,47,3.44,4,2,0
80,12,9,32,5.59,7,1,1
38,17,15,42,3.12,8,1,0
54,26,13,14,6.03,3,2,1
42,7,6,27,2.19,1,2,0
85,29,5,23,3.19,3,4,0
92,9,7,23,6.25,1,3,0
90,15,18,45,7.58,4,4,0
93,14,10,49,4.45,4,1,1
70,8,17,22,2.6,8,4,0
60,13,9,34,2.76,7,0,1
78,9,12,39,7.67,8,0,0
79,15,10,23,7.96,9,1,1
88,27,5,37,5.55,9,1,1
52,14,10,31,4.11,3,1,1
85,19,13,10,8.12,4,1,1
58,19,19,48,8.15,2,0,1
64,27,5,27,4.84,4,2,1
96,13,8,13,3.65,9,2,1
49,12,14,20,6.55,2,4,0
84,21,14,39,6.85,2,3,0
52,10,9,28,4.68,1,1,1
75,14,12,31,2.94,3,4,0
75,25,8,14,4.2,4,0,1
78,16,12,49,8.27,6,4,0
36,11,13,34,8.55,8,2,0
76,29,8,22,3.72,2,4,0
48,12,12,25,4.06,6,2,0
40,8,15,20,8.86,4,2,0
86,27,16,18,3.03,4,0,1
95,27,15,33,5.44,7,0,1
61,9,12,20,3.52,7,1,0
75,21,17,23,2.18,5,1,1
90,5,17,12,7.26,7,2,0
43,23,16,49,4.62,4,3,0
30,5,11,43,7.41,2,4,0
76,24,19,26,6.32,3,1,1
96,5,11,28,4.91,6,3,0
60,17,13,17,6.33,5,3,0
50,26,6,24,4.93,5,0,1
86,28,7,34,5.57,8,3,0
81,27,11,32,5.6,9,3,0
35,7,10,38,8.95,6,3,0
92,15,15,34,7.56,7,4,0
93,24,16,26,3.77,5,3,0
60,6,11,19,2.05,7,2,0
52,6,17,11,8.42,5,1,0
91,7,16,47,6.28,6,1,0
69,28,13,15,8.28,5,4,0
99,8,19,13,8.18,2,4,0
96,8,8,30,3.62,3,0,0
98,11,12,19,3.88,6,2,1
43,9,9,35,5.54,1,2,0
89,23,11,32,6.97,5,3,0
62,14,19,49,4.0,6,0,1
97,25,11,23,2.98,5,3,0
31,10,11,38,4.39,2,0,0
39,6,15,47,5.97,5,4,0
79,13,9,34,3.7,2,0,1
80,7,15,18,8.06,9,0,0
87,23,6,46,7.1,8,4,0
46,16,9,24,8.55,5,1,0
98,11,10,16,8.35,5,3,0
67,21,17,23,6.88,3,1,1
35,11,14,20,4.99,1,1,0
65,5,17,41,3.53,4,1,0
45,18,14,24,5.54,8,0,0
37,26,13,43,6.44,2,3,0
30,6,8,41,2.75,7,2,0
93,27,16,43,5.89,9,2,1
62,8,6,16,7.32,2,1,0
61,15,5,46,5.11,1,0,1
60,17,19,34,5.79,2,0,1
46,11,14,31,3.39,6,2,0
50,19,19,10,3.23,7,1,1
49,14,10,48,5.3,4,3,0
74,23,11,21,4.59,5,4,0
91,26,13,30,4.37,6,2,1
69,23,13,35,7.98,6,4,0
86,17,17,42,8.13,2,4,0
53,29,17,30,4.13,9,4,0
65,6,6,16,2.38,7,4,0
32,10,14,12,3.74,2,1,0
97,28,10,10,5.7,6,3,0
36,25,5,30,8.73,6,3,0
91,15,16,31,2.87,1,4,0
85,11,10,49,8.73,4,4,0
43,14,18,44,6.56,7,2,0
46,14,7,12,2.63,4,1,0
71,6,5,13,5.84,4,4,0
45,8,16,37,8.46,9,4,0
57,8,19,15,3.58,7,1,0
35,25,14,32,7.16,7,2,0
87,24,17,41,5.54,8,4,0
32,14,18,18,6.06,7,0,0
34,16,6,23,6.58,9,4,0
44,11,11,47,7.58,6,1,0
57,29,9,17,5.05,4,1,1
58,20,7,30,6.84,8,0,1
56,17,5,38,7.56,9,2,1
55,22,11,20,5.82,7,0,1
44,22,13,48,6.99,3,1,0
56,27,6,11,8.6,8,4,0
96,27,16,17,8.82,1,2,1
50,16,11,44,6.24,5,1,1
40,25,7,44,7.6,5,2,0
84,7,10,47,7.59,9,4,0
49,15,10,40,5.81,7,1,0
80,26,15,20,2.01,4,0,1
76,17,14,26,5.01,2,0,1
98,15,18,24,6.24,8,3,0
93,11,16,38,2.39,7,4,0
66,19,6,23,7.88,5,3,0
59,5,16,40,7.89,4,3,0
87,27,8,29,6.32,9,4,0
71,16,12,13,8.49,5,4,0
68,27,8,16,4.5,9,4,0
68,8,5,36,2.29,8,2,0
82,25,17,38,6.8,4,3,0
37,17,17,39,7.47,9,4,0
69,23,13,10,6.1,1,3,0
92,11,8,38,2.74,4,4,0
59,29,5,35,7.88,4,4,0
91,11,9,13,5.68,8,1,1
30,12,16,16,6.94,5,3,0
69,19,10,11,3.56,1,3,0
36,12,16,41,3.6,3,0,0
52,24,5,19,6.66,3,1,1
60,18,10,37,2.11,9,2,1
35,20,14,49,3.0,9,4,0
78,14,12,10,3.43,2,0,1
45,18,18,46,5.05,3,2,0
38,29,17,48,4.89,2,1,0
54,27,14,12,4.4,9,2,1
47,12,5,13,4.01,9,2,0
68,8,10,18,7.32,9,4,0
45,26,13,14,8.35,3,3,0
79,13,16,49,5.73,7,2,1
82,11,12,25,6.13,3,1,1
65,26,9,31,6.12,8,3,0
75,15,14,44,3.64,5,2,1
48,10,18,26,8.04,8,3,0
42,28,7,27,3.07,6,1,0
72,26,8,14,7.09,3,2,1
93,26,5,21,2.29,8,0,1
37,16,7,15,2.69,7,4,0
56,11,11,30,6.34,9,2,1
66,20,7,44,3.32,2,0,1
69,12,12,14,2.37,4,4,0
84,5,18,33,5.36,6,4,0
59,15,19,10,2.12,3,2,1
51,28,9,26,2.14,6,1,1
35,21,13,26,8.48,2,2,0
73,10,7,18,8.68,7,1,1
56,21,16,32,3.7,4,0,1
74,28,8,33,4.71,9,0,1
35,23,7,40,2.79,9,4,0
69,24,8,12,4.06,9,1,1
37,28,9,44,3.02,1,3,0
55,14,9,21,7.34,9,4,0
36,22,10,17,4.09,6,2,0
68,27,15,37,2.25,2,2,1
53,19,15,33,3.05,1,4,0
94,12,6,21,6.96,1,2,1
34,13,6,41,2.63,1,3,0
36,26,7,45,3.42,5,0,0
36,19,11,32,8.69,2,3,0
60,5,16,24,4.62,6,1,0
67,14,13,11,8.06,4,3,0
90,13,16,22,6.61,9,1,1
93,23,16,16,8.36,1,3,0
50,12,17,18,5.17,2,3,0
30,13,19,22,5.97,5,4,0
81,16,12,42,7.11,6,0,1
92,18,14,23,8.77,7,0,1
39,10,6,20,2.97,3,4,0
43,20,7,39,5.3,6,1,0
54,23,16,31,7.3,6,4,0
84,23,7,21,4.75,6,0,1
79,25,10,13,4.02,1,3,0
98,6,5,38,4.57,1,3,0
97,5,13,46,3.27,3,1,0
37,6,19,13,8.17,3,4,0
40,21,7,47,7.73,6,1,0
65,17,16,18,5.78,4,4,0
36,14,8,25,2.42,9,2,0
49,18,18,16,5.81,3,4,0
59,13,9,11,7.22,9,3,0
95,23,12,15,2.1,2,4,0
59,26,19,33,8.07,8,0,1
80,10,16,33,8.6,3,2,1
96,18,6,16,4.56,6,0,1
52,25,14,31,2.6,4,4,0
87,20,18,34,7.41,5,1,1
89,7,12,36,5.46,2,2,0
31,5,7,13,3.1,2,0,0
50,20,11,38,2.95,9,4,0
85,21,6,46,6.29,8,2,1
52,22,13,47,7.04,6,1,1
97,19,10,12,2.07,9,1,1
49,11,8,44,3.0,8,0,0
54,10,7,30,7.42,5,3,0
90,29,10,23,8.77,9,0,1
85,27,7,19,5.95,6,3,0
79,20,5,36,5.15,5,3,0
88,23,12,32,8.77,4,1,1
51,27,13,11,6.23,3,1,1
89,19,5,19,3.52,5,2,1
68,29,15,21,6.43,3,3,0
91,27,6,30,2.27,4,4,0
64,17,6,32,5.75,4,0,1
56,20,5,17,4.66,7,4,0
86,9,12,45,2.55,5,4,0
71,8,10,45,4.49,1,3,0
91,14,8,12,4.28,4,1,1
48,5,13,24,6.78,7,2,0
88,7,18,48,2.06,9,1,0
48,6,9,25,6.0,3,3,0
90,20,5,46,5.97,6,3,0
92,8,9,28,3.25,7,3,0
92,9,14,11,2.15,8,1,0
99,24,7,26,8.6,5,3,0
68,20,7,28,3.31,8,3,0
97,25,18,20,2.83,4,4,0
31,8,15,28,8.68,9,0,0
85,21,18,15,8.02,1,3,0
35,16,13,23,8.12,9,3,0
82,6,7,42,8.3,1,1,0
30,24,15,26,2.07,7,4,0
84,12,16,18,3.57,4,1,1
59,18,17,33,3.95,3,1,1
95,15,9,39,8.03,4,0,1
81,12,17,30,8.57,9,3,0
73,16,5,42,5.42,6,2,1
87,8,14,45,6.42,1,1,0
35,28,8,18,2.11,3,1,0
70,10,16,46,6.89,4,0,1
99,14,13,13,4.47,2,3,0
92,13,8,33,5.85,8,0,1
95,15,8,41,3.44,1,4,0
48,9,5,39,7.22,8,2,0
32,15,13,43,3.0,7,0,0
70,8,13,18,6.58,8,1,0
62,17,8,24,6.83,5,4,0
75,14,10,40,4.15,1,1,1
70,24,5,29,3.29,5,2,1
32,12,16,41,2.25,2,0,0
74,29,9,30,7.01,9,3,0
39,23,14,28,3.6,9,4,0
46,11,19,18,4.0,9,0,0
87,10,16,42,2.29,7,2,1
68,17,19,27,4.59,1,2,1
50,18,5,18,3.87,4,4,0
97,5,12,44,3.33,3,4,0
96,5,16,27,2.23,5,0,0
45,13,8,46,8.74,8,4,0
99,28,16,40,3.83,2,1,1
31,28,12,16,5.13,1,2,0
81,20,16,34,2.1,4,1,1
47,7,7,28,3.73,8,0,0
85,21,10,14,6.16,1,0,1
96,17,17,31,4.49,9,0,1
85,12,12,21,4.91,4,4,0
72,28,7,22,4.39,4,3,0
54,11,18,19,6.06,1,0,1
97,13,10,29,3.99,9,1,1
96,21,14,31,6.51,6,3,0
97,29,7,28,6.61,3,2,1
73,11,10,30,2.83,4,1,1
77,20,16,20,4.94,2,3,0
76,8,6,29,6.75,2,4,0
66,29,12,15,5.52,6,3,0
45,17,17,23,3.4,8,3,0
63,12,15,29,3.53,8,2,1
49,22,6,32,5.23,7,1,0
30,17,12,16,7.0,4,4,0
70,27,5,39,6.61,1,0,1
90,12,5,23,6.17,8,0,1
43,8,11,15,3.73,9,3,0
38,26,15,23,8.16,6,4,0
43,12,11,28,3.66,4,1,0
53,6,8,47,6.68,5,1,0
50,5,13,16,2.39,4,0,0
51,22,6,29,4.46,1,3,0
50,16,12,47,4.51,1,0,1
84,22,17,39,2.68,4,4,0
55,24,6,10,7.37,7,0,1
60,14,6,31,4.05,3,2,1
43,27,5,22,3.97,8,0,0
39,13,15,47,3.62,2,3,0
50,18,13,20,4.02,6,3,0
74,13,10,29,8.57,3,4,0
35,27,7,48,2.93,2,2,0
86,26,6,43,7.19,2,1,1
39,29,13,47,5.19,8,3,0
39,20,19,28,3.19,1,0,0
65,19,15,43,6.56,4,0,1
48,16,18,11,6.47,9,4,0
68,20,5,49,8.09,5,1,1
79,26,5,14,7.27,3,4,0
33,27,12,44,8.56,7,3,0
85,18,7,34,4.84,2,0,1
78,18,16,42,2.63,9,1,1
46,23,6,33,8.99,5,1,0
32,7,11,47,4.63,6,2,0
93,14,10,27,2.44,1,3,0
77,27,16,32,4.18,4,4,0
72,7,14,34,4.67,2,1,0
67,25,7,23,5.47,7,4,0
30,20,11,39,5.67,5,4,0
82,8,12,44,4.1,3,4,0
48,19,14,46,6.38,3,2,0
44,26,6,11,4.56,4,0,0
53,5,10,27,3.59,4,1,0
99,10,10,37,7.33,9,2,1
64,28,17,20,7.17,6,3,0
84,29,18,23,2.78,4,4,0
30,15,13,19,5.13,5,1,0
30,29,5,43,8.27,5,2,0
82,21,16,46,2.93,4,2,1
99,28,12,14,4.8,3,4,0
31,17,10,46,3.15,7,1,0
73,17,17,12,6.22,4,3,0
73,28,7,27,4.92,2,0,1
63,27,15,24,6.04,1,2,1
56,15,16,14,4.36,3,0,1
76,10,15,38,2.97,7,1,1
44,8,11,12,3.41,2,3,0
44,6,17,21,6.01,2,0,0
58,19,7,16,7.36,7,3,0
44,9,15,37,6.63,1,1,0
74,6,14,39,5.09,6,3,0
98,6,12,15,7.35,6,3,0
77,5,13,48,5.21,3,4,0
61,27,10,38,5.73,5,2,1
31,12,16,49,3.24,6,2,0
73,14,15,46,2.55,3,4,0
35,8,12,31,5.26,4,2,0
30,24,14,16,7.18,5,0,0
51,10,5,49,4.72,5,3,0
57,24,14,26,4.5,3,0,1
42,10,17,12,6.81,5,0,0
59,19,9,14,5.43,9,0,1
52,24,8,16,5.17,7,1,1
39,21,10,14,8.18,9,2,0
32,19,10,18,6.81,4,0,0
83,26,14,10,5.48,3,1,1
50,13,6,22,3.55,2,2,1
48,14,6,48,2.33,1,4,0
39,12,15,44,4.73,6,4,0
42,18,11,43,8.47,2,3,0
98,28,15,32,7.69,8,2,1
71,15,13,18,5.29,9,3,0
64,23,14,47,4.43,7,1,1
39,13,9,14,6.77,3,2,0
51,29,8,30,4.5,2,3,0
45,6,12,33,6.21,2,1,0
89,6,5,36,5.56,3,1,0
90,8,14,48,5.81,7,0,0
74,27,9,20,4.65,9,2,1
57,19,12,15,3.39,8,3,0
90,6,15,30,6.69,4,4,0
72,23,6,41,6.88,6,4,0
63,20,6,31,4.85,3,4,0
67,17,16,10,3.54,6,1,1
72,6,12,39,7.09,6,1,0
99,19,9,40,2.63,1,1,1
75,29,13,42,8.9,5,1,1
65,14,17,17,5.77,8,0,1
44,7,14,38,6.12,6,1,0
44,28,17,37,6.93,3,4,0
49,10,16,46,3.86,5,2,0
61,10,14,40,4.5,8,0,1
74,13,6,18,6.02,9,4,0
99,11,17,49,6.23,2,4,0
51,9,13,25,2.58,9,1,0
57,26,17,21,7.81,4,0,1
76,28,12,25,3.48,6,2,1
96,8,11,35,7.19,1,3,0
86,18,13,20,4.04,9,2,1
65,16,9,28,4.81,4,1,1
55,21,14,39,2.14,8,0,1
86,29,17,18,6.57,4,3,0
41,29,13,33,3.11,2,4,0
46,17,19,27,3.4,7,4,0
74,21,7,12,4.43,7,2,1
84,15,9,21,5.13,4,3,0
38,6,19,45,8.56,2,1,0
61,8,18,26,8.02,9,4,0
73,29,15,44,4.12,3,4,0
41,8,14,34,8.16,2,4,0
51,21,9,39,4.63,2,3,0
31,29,15,41,5.57,7,3,0
60,8,9,22,3.86,7,3,0
81,29,12,15,7.4,1,3,0
48,24,15,16,3.92,9,4,0
80,22,7,37,3.31,4,3,0
52,13,18,28,5.32,9,1,1
78,6,8,13,5.43,8,3,0
73,12,19,42,8.74,4,2,1
87,10,11,10,2.88,7,3,0
47,22,19,11,4.75,9,4,0
67,15,15,20,3.59,3,4,0
87,15,16,26,3.46,3,3,0
81,19,16,43,3.5,7,4,0
69,17,12,49,8.25,5,3,0
73,13,18,42,3.09,6,3,0
56,8,19,20,4.67,9,2,0
36,27,6,39,2.53,5,1,0
87,13,8,24,6.25,2,2,1
90,24,15,26,4.07,3,1,1
66,6,9,26,4.08,8,4,0
63,27,12,12,3.58,4,4,0
62,25,9,37,5.39,7,0,1
97,20,13,33,2.32,4,4,0
82,7,12,45,3.09,1,3,0
87,12,10,20,5.67,5,3,0
72,15,13,35,2.88,5,3,0
41,13,17,23,3.97,7,2,0
58,27,7,21,6.85,9,0,1
44,26,19,48,7.58,8,3,0
31,22,9,42,7.38,9,0,0
53,10,17,16,8.98,4,0,1
92,20,5,45,6.3,2,2,1
71,22,14,37,3.78,5,2,1
99,20,15,15,8.72,3,0,1
80,23,7,19,6.83,3,2,1
88,21,14,24,4.15,6,3,0
40,27,7,48,6.17,1,0,0
51,20,12,27,8.3,2,1,1
52,26,17,18,6.9,7,1,1
65,10,7,46,4.8,6,4,0
59,28,7,46,2.62,2,0,1
49,5,10,31,5.57,2,0,0
85,14,18,28,5.08,6,3,0
45,23,14,19,8.85,7,4,0
79,28,6,15,6.28,5,4,0
58,8,8,37,2.26,6,4,0
80,19,18,39,8.61,5,3,0
47,27,18,17,4.35,4,3,0
97,5,18,17,6.3,5,4,0
38,16,13,37,8.45,6,1,0
91,17,8,12,4.46,8,1,1
88,24,10,15,8.48,4,2,1
99,10,16,38,3.88,8,3,0
60,15,6,46,8.9,4,3,0
89,24,7,28,6.86,6,2,1
32,26,6,31,3.78,1,3,0
38,15,15,18,8.83,6,3,0
49,9,13,48,6.08,4,4,0
55,9,13,15,9.0,5,1,0
56,20,12,27,2.71,2,1,1
55,22,10,12,6.25,4,0,1
62,6,13,40,5.87,9,1,0
61,16,10,22,6.04,1,1,1
92,26,18,17,2.66,6,0,1
62,21,6,45,7.55,2,2,1
50,19,16,40,4.61,3,1,1
38,7,17,27,8.52,9,1,0
32,11,9,23,6.89,2,1,0
63,23,18,38,7.85,6,1,1
95,7,11,23,6.07,4,3,0
37,21,15,14,7.88,4,3,0
48,25,10,25,2.26,1,3,0
71,6,16,21,2.19,9,2,0
43,7,12,37,6.53,9,4,0
84,16,19,42,2.72,8,3,0
72,11,6,29,2.51,1,0,1
66,23,10,21,7.46,4,1,1
35,19,13,18,7.59,5,0,0
45,13,10,45,3.19,2,4,0
76,27,13,43,5.29,6,4,0
39,29,13,24,5.22,7,3,0
86,10,13,16,7.68,7,0,1
38,6,15,44,4.81,4,0,0
71,18,12,33,8.48,4,2,1
61,13,15,12,8.87,1,1,1
58,9,8,13,2.49,4,4,0
58,23,10,20,5.19,3,1,1
83,23,12,39,2.65,7,1,1
92,24,9,19,3.23,9,3,0
63,26,18,12,6.06,5,4,0
84,15,7,27,5.88,4,3,0
51,14,14,45,4.75,4,2,1
34,27,6,15,4.82,1,3,0
48,24,13,19,2.46,1,2,0
66,25,8,49,4.26,6,0,1
90,12,9,26,5.48,7,2,1
82,15,6,32,8.65,5,4,0
47,28,19,26,8.23,1,2,0
94,10,15,15,8.46,8,3,0
91,18,12,13,5.19,1,0,1
32,12,18,32,8.5,9,0,0
40,26,6,35,5.69,6,4,0
87,29,6,29,2.93,8,2,1
72,16,18,35,4.8,2,1,1
49,7,9,24,7.3,5,1,0
47,10,13,14,8.59,9,4,0
52,21,16,29,2.77,6,4,0
71,19,11,16,4.8,9,1,1
52,19,11,22,5.75,5,2,1
73,13,14,34,3.86,4,2,1
32,25,10,37,6.14,3,1,0
67,6,13,20,6.11,2,0,0
40,5,18,14,7.38,3,1,0
98,18,18,45,4.08,2,3,0
34,8,16,47,8.89,5,3,0
77,17,11,34,6.81,4,0,1
56,21,11,27,2.85,3,2,1
51,14,17,49,4.43,1,4,0
54,15,12,31,3.44,9,2,1
32,14,18,10,2.03,1,0,0
57,28,14,35,3.87,6,3,0
35,11,6,43,8.55,8,0,0
54,6,17,27,7.25,5,0,0
53,12,18,27,6.37,2,0,1
32,10,11,40,2.56,1,4,0
45,21,6,35,7.96,5,0,0
70,14,16,23,6.25,1,3,0
94,13,9,36,4.98,8,4,0
58,27,19,17,2.16,6,4,0
96,8,6,42,4.68,3,1,0
33,10,8,22,2.33,6,4,0
77,26,15,29,6.08,9,2,1
76,21,17,20,5.92,2,4,0
51,24,11,13,7.16,9,0,1
54,26,6,43,8.15,5,4,0
53,18,16,19,3.36,5,4,0
59,11,9,47,7.76,8,0,1
54,17,12,17,6.55,8,1,1
57,22,9,47,7.22,6,2,1
44,19,10,31,2.55,8,2,0
60,25,14,42,4.38,7,1,1
97,15,16,31,5.21,7,2,1
92,25,18,27,7.58,9,1,1
77,22,19,32,8.76,5,1,1
42,10,14,24,3.28,5,4,0
31,17,13,29,3.79,3,2,0
88,14,13,29,7.21,3,2,1
54,7,14,15,5.04,2,1,0
36,29,17,32,8.01,8,3,0
36,28,15,11,5.0,7,3,0
35,13,12,23,8.99,6,2,0
57,17,6,47,5.44,4,3,0
93,22,5,43,6.27,9,1,1
56,10,8,29,8.52,3,2,1
81,20,7,44,6.62,7,2,1
66,14,5,42,4.98,4,2,1
43,16,13,48,6.21,7,4,0
96,28,19,44,6.17,2,1,1
38,5,16,42,4.36,7,1,0
45,25,18,21,2.56,4,0,0
48,23,15,11,8.85,1,2,0
78,29,6,14,9.0,5,4,0
38,6,9,22,5.32,4,4,0
49,16,10,22,3.29,8,4,0
49,11,13,24,2.8,7,0,0
40,14,15,15,4.65,6,4,0
96,26,12,13,7.05,6,1,1
74,12,9,40,5.34,5,0,1
60,21,16,10,3.99,4,3,0
71,20,12,44,2.74,1,4,0
50,9,13,11,2.48,7,0,0
91,18,19,28,8.68,6,1,1
54,15,13,42,6.42,8,3,0
88,19,6,24,2.49,1,3,0
62,12,12,29,5.4,3,2,1
91,14,13,25,8.77,2,2,1
79,15,12,36,3.21,8,1,1
80,15,15,12,5.56,3,2,1
58,5,16,28,4.95,4,0,0
89,20,12,41,3.23,5,0,1
91,11,6,32,2.56,4,4,0
89,16,5,22,3.78,6,4,0
64,24,12,34,2.08,2,1,1
56,6,15,19,6.12,1,2,0
65,18,14,31,7.88,8,3,0
30,6,11,38,4.65,4,2,0
37,23,15,47,6.16,4,3,0
52,25,12,21,3.69,4,3,0
83,7,15,49,3.53,8,2,0
38,21,15,32,2.43,1,4,0
67,10,17,25,5.9,7,4,0
79,7,16,17,6.68,8,3,0
34,16,15,47,4.21,8,0,0
65,23,5,18,7.62,1,1,1
41,29,12,19,3.35,3,0,0
89,25,11,27,6.98,2,3,0
60,19,7,45,2.2,1,2,1
96,16,11,21,5.02,5,0,1
32,24,11,36,5.13,9,2,0
38,27,19,28,7.06,1,4,0
93,5,8,24,7.56,9,4,0
66,24,7,36,8.16,2,2,1
66,17,5,16,2.64,6,2,1
34,9,10,22,6.09,3,0,0
69,5,18,14,2.2,4,0,0
58,14,15,48,8.8,7,4,0
82,16,7,35,3.6,2,2,1
70,11,7,49,5.61,3,4,0
85,22,7,19,3.37,7,3,0
58,29,7,38,6.3,8,1,1
98,29,8,38,4.03,3,4,0
35,29,11,37,6.9,1,2,0
77,5,15,44,4.09,1,3,0
76,25,5,40,5.06,5,1,1
35,7,19,39,8.85,3,2,0
65,10,16,13,6.38,7,1,1
49,11,14,23,4.57,7,3,0
79,12,15,39,4.4,2,0,1
55,10,12,12,8.5,8,1,1
65,22,9,36,2.06,6,1,1
70,26,11,48,5.32,3,3,0
51,9,6,24,8.82,4,3,0
33,24,7,31,8.65,9,1,0
71,5,17,13,7.16,9,1,0
83,5,15,49,3.56,6,3,0
88,15,11,12,7.25,6,3,0
58,20,12,48,2.38,5,3,0
69,20,5,40,2.94,2,1,1
32,6,8,18,8.26,9,4,0
95,16,15,47,4.66,6,4,0
67,5,13,11,3.96,1,4,0
40,18,15,44,5.28,2,0,0
94,28,17,17,7.92,9,1,1
38,7,9,28,3.73,6,4,0
67,18,17,15,5.53,2,1,1
41,12,13,16,5.88,2,0,0
42,17,6,17,8.36,9,1,0
97,14,19,35,4.65,6,3,0
52,7,9,23,3.74,6,0,0
80,14,19,16,4.69,7,4,0
67,6,14,11,3.25,6,4,0
64,6,7,17,3.85,5,1,0
83,25,18,40,6.77,3,4,0
99,6,6,40,2.02,4,2,0
81,26,19,21,5.9,3,2,1
88,25,6,12,5.31,5,1,1
89,21,19,29,6.92,8,2,1
96,12,11,19,8.64,9,0,1
61,27,13,24,7.75,3,2,1
72,29,5,36,5.38,4,4,0
87,21,10,28,8.07,9,2,1
78,10,19,35,3.51,1,3,0
43,5,17,46,7.54,1,2,0
96,20,6,23,4.28,9,4,0
78,23,9,44,4.8,8,4,0
48,11,14,25,5.56,4,1,0
30,21,6,18,6.17,6,1,0
49,17,8,32,6.78,2,2,0
90,13,9,31,2.61,2,1,1
95,21,5,28,7.81,6,1,1
57,28,18,34,4.66,1,2,1
50,29,15,47,7.88,1,1,1
63,14,6,10,3.17,7,4,0
80,26,16,45,5.17,5,1,1
59,13,7,31,7.33,3,2,1
38,7,8,37,5.73,4,1,0
63,7,12,20,3.32,9,3,0
36,5,19,36,8.15,5,0,0
65,9,16,48,4.65,3,1,0
66,16,17,18,2.64,3,4,0
74,7,13,48,8.87,2,4,0
69,23,5,17,2.68,7,2,1
95,13,6,42,5.2,7,4,0
84,10,11,20,7.4,6,1,1
70,28,10,12,8.64,8,4,0
82,23,7,11,2.32,3,4,0
74,29,13,28,6.2,2,3,0
73,7,7,25,6.52,9,1,0
31,28,6,31,3.79,7,3,0
48,5,17,34,2.63,6,1,0
99,5,6,41,2.94,2,1,0
97,27,15,29,6.44,6,3,0
70,14,9,40,8.18,3,4,0
41,28,18,37,2.33,9,4,0
66,13,15,22,6.84,4,2,1
99,13,13,43,3.42,9,0,1
49,26,10,48,5.78,6,3,0
31,6,13,41,2.89,2,4,0
48,17,9,15,8.99,7,2,0
87,12,15,10,2.49,5,0,1
50,19,10,41,5.78,6,4,0
33,22,6,37,3.26,5,2,0
97,11,7,27,7.65,4,2,1
47,16,9,16,4.78,8,0,0
71,14,16,34,5.36,4,4,0
81,28,10,48,2.33,3,1,1
42,14,18,44,4.11,1,2,0
31,19,10,15,3.89,8,0,0
72,7,6,41,3.56,7,2,0
37,10,7,37,5.26,6,1,0
91,20,19,39,5.16,2,4,0
93,29,7,41,4.81,7,0,1
43,16,6,39,3.81,5,1,0
82,24,6,26,3.06,2,4,0
32,28,6,47,6.86,5,3,0
57,17,18,16,7.16,6,1,1
62,17,5,30,4.58,3,3,0
86,12,15,24,7.23,5,0,1
80,18,11,37,2.55,3,3,0
56,23,13,41,3.36,6,3,0
52,20,13,13,5.37,9,4,0
53,19,14,19,4.96,2,2,1
61,26,13,36,4.01,6,3,0
72,23,7,15,2.77,3,2,1
75,25,6,18,5.83,8,2,1
78,17,5,27,3.01,3,3,0
42,25,11,13,7.54,4,0,0
56,14,11,13,8.17,5,0,1
83,6,14,46,6.35,9,4,0
59,28,8,22,8.7,3,3,0
66,22,12,28,8.22,3,2,1
88,29,9,11,5.1,5,0,1
99,8,8,35,6.91,2,4,0
86,28,11,38,5.01,2,0,1
30,19,16,23,6.85,4,3,0
58,26,11,37,8.38,3,0,1
40,9,6,41,7.11,3,2,0
38,20,6,12,6.51,2,0,0
61,14,18,20,2.1,6,1,1
44,20,19,15,3.06,5,1,0
65,19,14,24,3.78,7,0,1
90,25,10,10,7.35,2,3,0
69,20,12,24,2.46,8,4,0
31,24,9,15,7.36,1,0,0
32,22,7,28,2.16,9,1,0
88,22,18,11,6.84,3,0,1
39,16,14,28,2.14,6,2,0
71,18,11,36,6.52,2,3,0
56,22,7,14,2.65,6,0,1
51,17,11,32,8.92,4,3,0
83,18,12,12,3.31,5,4,0
36,21,7,40,2.02,4,1,0
35,7,10,36,2.39,3,4,0
36,24,15,46,3.08,5,4,0
50,13,12,31,8.17,9,4,0
56,22,14,13,5.66,3,3,0
89,24,6,13,4.87,8,2,1
54,11,18,38,6.19,4,1,1
87,5,8,41,3.0,8,2,0
96,25,17,15,3.36,1,2,1
75,19,13,32,8.91,8,4,0
50,15,9,27,8.54,4,4,0
45,22,15,45,7.87,8,0,0
56,27,17,16,4.28,3,3,0
42,26,13,26,4.59,3,1,0
54,11,9,36,5.45,3,3,0
71,25,12,13,7.08,1,3,0
48,5,6,30,4.54,9,1,0
77,15,9,10,2.55,7,4,0
93,6,8,29,7.6,4,0,0
77,5,18,48,3.08,2,3,0
43,11,9,21,5.67,9,2,0
66,19,16,48,4.7,3,0,1
93,17,19,29,2.9,9,0,1
98,6,16,43,8.49,8,4,0
96,12,7,12,2.46,6,1,1
80,10,7,31,6.79,9,4,0
31,15,14,32,2.95,6,4,0
37,27,7,43,8.99,6,0,0
94,11,14,20,2.8,7,4,0
67,26,7,34,7.48,1,1,1
90,26,5,43,5.05,2,0,1
52,20,19,20,4.34,5,3,0
68,28,17,33,5.13,7,1,1
47,16,10,36,4.49,4,4,0
36,15,10,26,5.5,2,1,0
90,17,9,42,3.85,3,4,0
88,25,7,15,5.7,7,3,0
38,11,7,48,3.07,8,4,0
30,11,19,24,8.15,4,0,0
56,20,7,23,5.28,5,1,1
33,25,6,42,6.22,9,0,0
92,5,16,14,2.94,5,3,0
89,24,18,13,3.04,7,2,1
89,19,15,14,8.37,4,3,0
53,29,17,48,3.39,5,3,0
50,22,19,24,5.02,5,0,1
33,28,13,30,6.43,4,0,0
79,21,19,12,8.39,9,4,0
43,17,12,22,6.14,3,2,0
93,20,19,32,7.65,5,1,1
74,22,10,30,7.78,6,0,1
35,25,12,15,4.35,7,1,0
51,15,15,34,2.23,5,0,1
69,27,10,49,4.77,2,2,1
85,12,19,23,4.02,4,0,1
48,12,17,32,2.1,2,2,0
30,27,16,17,8.57,5,2,0
75,25,16,26,2.77,3,1,1
36,10,18,11,7.49,8,3,0
91,14,10,23,7.22,7,1,1
36,5,13,14,2.84,4,3,0
82,6,9,20,5.79,8,0,0
86,6,19,46,4.83,8,1,0
35,18,14,24,2.42,4,2,0
80,27,12,27,8.58,1,3,0
81,10,19,36,7.53,5,4,0
41,15,17,37,3.63,1,2,0
44,23,16,14,8.98,2,1,0
84,14,5,27,8.16,6,1,1
63,14,12,15,3.71,2,2,1
49,16,19,31,2.34,8,1,0
51,14,19,23,2.53,3,3,0
30,12,7,23,2.92,2,3,0
81,18,8,36,2.55,3,2,1
54,19,17,40,7.01,2,4,0
49,28,17,14,2.81,8,3,0
72,18,7,38,8.36,6,4,0
48,15,14,44,6.73,9,3,0
30,26,17,46,5.71,8,2,0
43,21,14,15,8.8,5,4,0
58,8,18,27,2.61,1,3,0
84,10,10,34,8.41,5,4,0
61,29,18,31,3.61,9,1,1
40,9,6,15,5.47,8,3,0
69,6,10,33,4.18,7,4,0
36,18,6,23,3.58,1,2,0
34,25,17,18,7.39,2,0,0
90,26,19,16,2.63,3,0,1
62,5,14,14,2.57,8,4,0
63,26,15,45,7.52,4,1,1
54,14,13,10,5.65,8,0,1
52,11,17,30,5.22,9,4,0
60,22,12,42,8.16,9,0,1
39,7,19,21,6.12,1,3,0
53,6,17,47,7.36,1,1,0
60,13,10,26,7.08,1,0,1
73,13,15,28,6.89,9,0,1
62,16,15,46,3.85,2,0,1
63,26,13,17,7.94,2,0,1
62,12,12,35,3.51,1,0,1
82,11,6,32,3.72,3,0,1
89,27,18,24,8.01,2,0,1
47,16,6,20,2.81,3,3,0
88,7,12,34,8.37,8,3,0
32,5,17,37,2.17,9,2,0
76,13,9,28,5.32,7,3,0
48,23,15,18,3.58,6,2,0
49,19,11,13,3.21,3,1,0
64,12,5,48,6.68,9,0,1
74,26,17,16,3.41,1,3,0
74,12,16,17,6.67,8,3,0
83,24,9,25,5.84,6,1,1
57,11,14,12,8.98,9,4,0
37,9,11,26,3.75,2,0,0
73,29,18,35,7.55,8,3,0
95,8,13,40,3.61,3,0,0
48,15,18,48,3.97,5,3,0
89,13,5,27,6.16,6,2,1
83,6,16,30,5.13,4,0,0
65,20,10,33,7.27,9,4,0
50,26,17,12,4.29,7,0,1
83,21,11,35,3.67,5,4,0
41,22,11,12,3.86,1,4,0
41,17,12,28,4.76,4,2,0
77,5,19,39,4.62,5,1,0
98,23,11,20,3.7,1,2,1
41,6,18,37,8.44,9,4,0
37,15,19,10,7.07,4,0,0
85,20,13,10,7.86,2,2,1
45,22,8,30,6.07,7,3,0
55,21,12,24,8.37,4,0,1
42,21,17,24,6.17,7,4,0
79,20,7,24,2.0,6,2,1
34,7,13,26,5.64,4,2,0
60,18,5,34,2.88,9,2,1
53,6,19,11,4.06,1,3,0
98,15,5,20,4.62,5,4,0
30,14,17,18,2.43,8,4,0
68,11,5,47,4.82,3,1,1
42,21,9,45,6.38,5,4,0
53,13,10,19,5.26,3,4,0
58,18,11,42,5.2,7,4,0
68,20,5,29,3.96,3,1,1
97,18,17,20,5.59,7,0,1
51,21,6,18,8.9,2,0,1
58,27,5,35,8.57,1,0,1
70,6,9,13,2.43,4,0,0
67,12,17,41,4.12,1,2,1
38,10,8,18,6.19,6,4,0
60,6,19,34,7.38,2,1,0
46,6,5,27,4.24,2,1,0
55,6,10,18,7.71,7,2,0
32,12,6,19,7.51,4,2,0
77,9,18,27,8.55,5,2,0
35,8,15,24,6.18,6,1,0
69,19,5,33,2.5,1,1,1
66,6,16,20,6.82,3,2,0
97,23,11,33,6.12,7,4,0
60,6,13,32,5.52,8,4,0
55,11,14,11,2.87,4,1,1
74,17,11,41,8.71,2,2,1
49,23,11,48,5.02,8,3,0
39,6,10,30,7.73,6,0,0
55,17,8,49,8.04,8,2,1
94,15,8,18,2.29,2,2,1
55,27,12,32,3.81,6,1,1
94,27,13,43,3.62,5,3,0
37,11,15,46,5.12,7,0,0
48,7,12,12,4.51,8,3,0
72,27,15,34,7.89,1,3,0
41,7,7,20,6.52,7,0,0
93,17,7,26,5.6,8,2,1
39,12,12,47,5.62,9,3,0
35,22,7,33,7.95,9,4,0
99,10,18,43,5.45,8,3,0
57,20,13,37,8.37,7,3,0
81,27,10,19,2.4,8,0,1
44,16,12,43,4.27,6,4,0
30,27,19,17,6.57,2,1,0
74,16,16,46,7.63,8,0,1
31,28,19,37,5.26,4,0,0
79,20,14,38,6.61,2,1,1
81,16,11,49,8.71,9,4,0
37,10,13,39,6.07,2,3,0
48,13,9,11,4.46,2,3,0
53,20,13,10,2.1,2,2,1
59,24,12,17,4.12,9,3,0
36,18,14,42,8.27,5,2,0
45,22,13,48,2.43,2,0,0
36,11,11,37,6.16,5,3,0
60,9,16,47,2.59,3,2,0
69,26,9,15,8.51,3,4,0
71,20,18,27,8.03,9,2,1
61,29,14,33,7.14,4,1,1
57,6,5,41,5.64,5,2,0
61,20,19,11,2.91,2,2,1
51,10,7,19,4.09,6,0,1
46,21,15,39,5.81,8,2,0
57,22,18,49,6.7,3,4,0
67,14,8,17,3.52,3,1,1
97,12,13,19,6.15,8,4,0
50,13,5,35,6.8,7,1,1
60,24,17,19,8.76,6,3,0
34,27,14,49,6.29,3,2,0
32,20,13,32,3.02,5,2,0
98,19,16,13,6.77,9,4,0
90,20,17,27,7.6,7,0,1
71,24,5,17,6.78,9,3,0
39,7,16,34,2.86,7,2,0
96,16,18,10,5.04,3,0,1
97,24,17,15,3.26,6,4,0
46,20,13,10,6.68,2,0,0
98,21,12,15,6.22,6,2,1
90,8,10,44,2.24,6,3,0
78,23,10,31,2.66,2,2,1
65,24,19,28,3.51,7,3,0
60,29,12,40,4.33,1,0,1
50,25,14,28,2.99,5,4,0
94,8,15,42,2.34,9,1,0
44,23,5,27,4.47,3,4,0
40,17,9,45,5.23,6,2,0
83,15,13,48,7.71,8,2,1
48,28,6,32,5.66,3,0,0
85,13,19,25,3.95,6,0,1
61,20,11,21,2.09,1,2,1
31,27,14,37,6.53,6,1,0
68,26,7,21,2.41,5,2,1
88,22,16,15,3.92,6,1,1
86,5,11,27,4.7,6,0,0
83,25,19,17,8.04,8,4,0
84,10,7,48,5.39,1,1,1
82,27,6,24,6.18,9,3,0
34,22,12,43,2.33,8,0,0
95,14,9,13,7.01,2,3,0
51,18,18,49,8.13,2,3,0
46,25,17,29,4.02,4,4,0
44,5,14,35,8.76,4,3,0
93,15,18,43,8.98,8,1,1
63,6,5,36,7.33,1,4,0
98,20,19,40,8.69,8,1,1
32,22,14,17,3.09,6,4,0
85,28,19,30,5.82,6,1,1
36,8,9,22,3.92,1,0,0
87,23,14,33,6.84,3,2,1
45,12,5,41,8.18,4,2,0
94,23,9,31,5.11,6,0,1
63,14,17,28,5.73,5,4,0
50,19,19,35,2.54,4,3,0
51,24,19,28,2.96,7,1,1
44,23,5,10,8.69,6,3,0
75,15,15,46,4.67,3,0,1
32,18,15,32,6.44,8,1,0
85,28,18,13,7.97,1,0,1
42,12,6,13,8.75,2,3,0
65,15,7,15,2.56,6,0,1
34,11,10,27,8.72,6,3,0
89,25,8,28,2.08,3,0,1
71,12,5,27,7.04,9,4,0
47,16,17,16,4.48,7,4,0
52,5,18,36,6.87,3,1,0
73,17,11,10,4.92,2,3,0
86,10,15,30,8.52,7,0,1
61,9,6,10,7.18,4,0,0
56,22,17,46,3.1,5,0,1
32,7,13,17,8.26,8,2,0
78,13,16,29,7.23,9,3,0
94,23,9,33,8.94,6,4,0
60,8,9,29,7.82,2,4,0
66,8,11,26,8.34,4,2,0
48,24,12,28,7.57,4,4,0
40,15,15,21,3.62,9,2,0
94,29,16,38,6.41,7,0,1
41,22,15,11,2.31,4,2,0
44,6,8,38,8.97,2,4,0
88,12,6,30,8.47,6,4,0
68,26,8,27,5.86,4,3,0
92,29,13,31,3.31,2,4,0
50,18,16,49,7.15,1,1,1
64,27,10,25,7.15,1,1,1
90,17,10,37,5.57,5,2,1
76,24,19,14,7.15,7,2,1
79,26,5,27,5.12,6,1,1
87,23,6,48,4.99,6,4,0
65,5,11,40,7.78,7,1,0
47,19,9,21,4.85,5,0,0
33,8,13,49,6.59,6,3,0
33,21,11,47,3.21,5,2,0
79,20,10,17,2.6,3,0,1
32,25,13,33,6.72,4,1,0
91,20,11,23,7.68,3,4,0
75,9,6,32,8.94,6,1,0
47,17,13,49,5.27,9,1,0
36,9,9,38,6.26,8,3,0
97,17,13,11,3.71,1,2,1
62,28,14,25,7.87,3,3,0
93,19,7,14,4.54,2,4,0
55,15,10,32,2.75,4,2,1
39,24,13,36,4.74,7,1,0
30,21,5,44,4.93,8,3,0
45,19,13,22,5.47,6,1,0
54,23,17,44,6.47,7,3,0
95,24,17,41,2.96,8,4,0
90,19,5,25,4.84,5,0,1
59,29,19,46,6.57,4,2,1
95,8,17,10,6.89,7,3,0
58,18,19,31,3.0,8,3,0
51,9,8,25,8.5,5,4,0
57,13,8,23,4.33,9,3,0
60,11,19,38,3.22,3,1,1
49,5,10,41,3.08,9,2,0
92,15,9,14,2.01,5,3,0
74,25,9,21,6.73,6,0,1
86,7,18,31,6.18,7,3,0
41,8,10,42,6.84,7,3,0
35,11,6,46,6.41,8,4,0
56,25,5,44,5.72,5,0,1
99,5,19,39,8.82,6,1,0
57,7,5,29,5.53,4,3,0
75,10,19,48,5.53,1,2,1
90,26,12,33,3.27,4,0,1
32,5,7,14,8.44,8,0,0
35,21,15,47,2.97,3,1,0
91,19,15,15,3.88,1,2,1
80,20,18,39,5.83,7,4,0
35,27,14,31,4.12,5,4,0
99,19,6,32,4.55,9,3,0
46,16,16,30,6.41,2,2,0
39,5,7,33,8.14,7,1,0
54,11,9,33,7.81,5,4,0
77,19,14,34,2.89,6,2,1
63,28,5,35,8.59,5,1,1
69,5,19,30,3.28,3,3,0
44,19,14,15,7.65,3,0,0
55,6,5,19,8.67,5,4,0
78,10,17,11,3.36,3,1,1
78,17,16,42,6.57,5,0,1
68,16,8,16,5.18,6,4,0
38,12,7,36,4.04,5,3,0
89,24,10,18,5.45,9,4,0
88,25,7,24,4.85,4,4,0
39,9,13,43,7.47,4,0,0
57,29,13,39,3.63,2,1,1
52,5,10,23,6.72,6,1,0
55,12,15,14,3.67,6,3,0
55,20,15,45,3.78,8,4,0
37,19,5,36,2.43,6,4,0
86,17,16,32,7.4,7,3,0
95,9,19,46,2.95,4,4,0
53,19,18,30,5.29,4,3,0
69,28,12,30,2.57,3,1,1
74,13,6,30,2.0,9,4,0
58,29,10,46,3.98,6,4,0
42,16,5,10,5.83,5,4,0
92,26,9,28,7.55,8,3,0
46,7,13,23,5.02,5,3,0
87,17,16,17,4.51,4,4,0
47,9,8,31,8.44,3,0,0
94,12,11,16,2.96,8,1,1
81,17,14,38,5.19,1,2,1
53,20,16,43,3.17,2,1,1
47,29,11,47,6.51,9,0,0
47,26,10,37,3.41,9,2,0
51,10,10,15,6.1,8,2,1
42,10,10,27,6.82,5,1,0
33,12,18,19,3.89,5,4,0
74,21,12,23,6.84,4,3,0
76,14,16,41,7.0,5,1,1
78,12,19,25,5.53,9,2,1
44,25,8,38,2.44,6,1,0
42,7,5,33,5.7,1,0,0
62,13,8,31,3.78,9,0,1
42,15,17,15,4.76,3,3,0
56,16,12,13,3.7,6,2,1
80,10,14,12,7.97,7,0,1
59,11,7,21,6.82,8,4,0
82,19,8,34,8.74,1,3,0
90,16,5,26,8.62,3,3,0
31,25,17,17,4.96,2,3,0
92,7,14,45,8.2,1,4,0
35,10,17,13,8.28,5,1,0
35,9,8,12,7.47,5,0,0
77,28,5,29,6.38,5,3,0
35,24,7,27,4.54,4,0,0
97,6,7,38,3.03,3,4,0
67,8,8,23,8.43,6,1,0
86,9,18,30,5.97,9,3,0
71,13,18,35,7.81,9,2,1
57,20,12,28,3.59,3,1,1
95,24,14,40,2.23,8,2,1
97,25,5,35,6.32,5,3,0
52,9,10,12,6.55,2,0,0
32,9,8,36,4.34,1,0,0
97,23,18,40,2.46,7,2,1
76,16,14,12,8.89,7,2,1
71,12,10,28,3.14,5,4,0
56,12,10,16,7.61,9,0,1
81,26,7,29,5.62,8,1,1
80,13,7,28,8.21,7,0,1
56,28,14,16,6.69,5,1,1
94,14,5,32,5.2,7,4,0
40,29,5,14,5.93,7,3,0
81,14,17,29,3.35,9,1,1
72,22,5,35,3.25,5,2,1
79,14,7,37,3.86,9,3,0
42,21,14,34,3.16,3,2,0
87,23,15,45,5.21,1,1,1
94,20,6,24,2.2,2,3,0
45,15,9,28,5.07,6,4,0
97,10,9,36,5.56,7,3,0
60,9,14,16,6.43,3,4,0
82,27,9,33,6.11,3,3,0
94,20,13,20,4.88,8,2,1
74,20,12,25,2.95,3,1,1
82,10,18,38,8.87,1,3,0
67,21,5,36,2.89,2,2,1
85,19,14,17,4.14,5,1,1
31,18,12,28,6.79,1,3,0
85,19,7,43,2.75,7,2,1
82,28,19,12,5.36,1,2,1
35,16,12,38,6.1,6,0,0
34,20,19,28,8.53,1,1,0
36,14,15,42,7.6,7,4,0
65,24,11,33,4.52,3,4,0
62,17,10,38,6.43,8,2,1
52,25,16,37,5.36,1,4,0
92,17,9,45,8.44,5,3,0
85,18,17,16,4.8,5,4,0
30,16,5,35,8.02,9,3,0
55,20,12,18,4.75,3,0,1
56,11,16,38,5.23,5,2,1
37,20,8,42,6.0,2,1,0
48,26,10,32,5.51,9,2,0
86,16,18,28,8.78,6,4,0
91,19,5,44,6.74,9,2,1
72,27,15,48,7.78,2,1,1
35,8,18,38,2.87,5,2,0
40,10,18,30,6.17,2,0,0
33,18,16,43,2.96,5,1,0
70,17,5,30,8.08,2,3,0
71,22,18,20,2.45,9,2,1
73,21,9,41,5.08,2,2,1
36,10,7,41,6.91,8,3,0
57,5,6,19,3.9,1,2,0
82,17,19,34,4.26,1,0,1
99,28,18,24,5.19,4,3,0
45,28,13,45,6.18,5,3,0
65,22,11,36,6.64,8,2,1
57,6,12,26,3.41,5,4,0
75,11,6,30,5.51,6,4,0
84,19,7,28,5.2,9,1,1
81,27,18,31,5.45,9,4,0
63,5,16,48,6.78,1,1,0
52,28,14,45,8.3,8,0,1
52,29,14,25,5.79,4,0,1
55,18,8,47,7.12,5,4,0
78,13,18,41,8.5,5,0,1
98,7,11,42,8.01,9,3,0
69,17,13,29,3.63,1,2,1
60,28,17,39,8.39,1,2,1
48,10,15,17,8.52,8,1,0
60,26,10,47,7.94,7,4,0
83,22,12,22,6.7,3,2,1
47,13,5,45,3.11,5,2,0
54,26,15,21,8.88,9,0,1
33,22,16,30,4.04,3,1,0
59,5,12,16,4.94,9,2,0
64,25,13,30,5.72,2,0,1
60,7,11,46,3.82,3,2,0
78,9,15,33,5.8,7,0,0
60,13,6,18,6.39,5,4,0
77,19,16,24,2.06,7,4,0
68,12,8,38,5.14,5,0,1
35,10,16,17,2.13,4,2,0
47,20,7,39,6.0,5,1,0
35,10,18,18,4.88,5,0,0
38,28,14,35,4.07,6,1,0
39,5,17,20,7.99,7,1,0
53,23,15,19,6.19,2,1,1
53,25,17,36,3.36,2,1,1
40,15,7,17,7.13,3,1,0
84,27,10,11,5.14,1,3,0
78,19,12,27,3.11,8,1,1
60,27,12,40,5.73,9,4,0
75,6,11,35,8.77,7,3,0
85,24,19,20,3.0,6,3,0
60,28,15,45,4.48,8,0,1
38,26,16,22,7.54,3,4,0
82,22,17,46,3.73,9,4,0
41,18,13,43,8.3,7,2,0
58,10,18,37,7.33,8,2,1
89,6,16,34,7.8,6,3,0
50,17,9,13,6.66,7,3,0
58,9,6,26,8.18,8,3,0
81,16,13,17,3.74,5,3,0
31,8,11,20,7.13,4,0,0
55,5,7,47,2.38,6,4,0
65,26,10,47,3.13,9,3,0
52,14,13,48,5.73,5,1,1
79,10,9,20,7.54,9,4,0
99,14,9,41,8.17,8,4,0
97,7,13,14,8.28,8,2,0
58,14,15,39,2.54,3,2,1
49,8,18,38,8.42,5,1,0
46,5,19,12,3.91,7,1,0
88,12,6,21,4.51,2,0,1
34,26,19,15,4.75,3,0,0
71,24,16,13,4.07,1,3,0
77,12,17,34,5.14,9,0,1
52,22,10,16,6.61,8,1,1
59,11,7,39,3.71,4,2,1
68,28,13,48,6.49,8,4,0
93,26,15,22,8.5,9,3,0
70,17,14,12,5.27,4,2,1
88,17,12,41,8.95,5,1,1
69,15,11,14,6.98,1,0,1
49,6,18,20,3.15,8,0,0
33,16,11,49,4.26,2,2,0
61,9,10,25,5.24,3,0,0
41,16,11,29,6.71,3,1,0
82,11,8,21,5.27,4,3,0
61,22,6,48,7.07,3,4,0
44,21,12,22,7.83,8,4,0
48,6,6,49,7.4,7,4,0
38,13,5,34,5.51,2,0,0
83,26,12,35,2.38,5,1,1
32,15,17,32,8.32,9,4,0
81,11,8,47,5.14,9,0,1
77,28,6,42,6.92,7,1,1
55,20,8,38,8.36,5,2,1
43,25,6,12,4.32,9,2,0
98,5,17,33,2.91,5,2,0
48,14,12,14,2.74,9,0,0
31,21,9,44,5.63,2,1,0
65,12,8,47,5.48,8,1,1
73,28,8,48,3.56,3,1,1
63,5,15,33,5.05,6,1,0
42,20,17,27,2.83,1,2,0
32,23,17,24,7.25,6,4,0
78,19,17,17,2.39,4,3,0
43,25,7,32,2.07,9,3,0
90,29,18,30,4.39,5,2,1
90,15,11,14,5.3,7,1,1
91,24,16,22,7.01,6,2,1
89,20,15,10,8.94,5,2,1
84,21,18,23,5.32,5,0,1
96,10,19,15,4.7,9,4,0
44,21,13,38,7.57,5,4,0
46,25,12,42,2.23,5,2,0
63,19,17,13,3.7,4,2,1
76,16,17,19,4.6,7,1,1
90,22,18,46,2.8,6,0,1
79,24,16,38,2.18,6,4,0
93,26,8,23,2.88,3,3,0
52,21,9,20,8.93,3,1,1
99,17,9,24,3.36,4,0,1
97,21,5,44,7.49,2,1,1
65,28,18,47,5.03,4,1,1
78,10,9,41,5.06,6,4,0
42,29,9,48,8.58,6,0,0
63,21,5,13,5.76,3,2,1
60,25,17,42,2.27,8,0,1
49,26,8,41,8.29,4,3,0
82,20,15,29,8.68,6,4,0
34,17,5,18,2.74,4,4,0
86,28,6,23,2.3,9,0,1
76,7,5,48,6.7,2,4,0
60,26,9,47,8.66,5,0,1
82,29,18,45,8.4,5,2,1
70,28,14,27,2.3,8,3,0
90,12,7,48,5.2,2,4,0
52,27,16,23,6.53,1,1,1
74,6,19,25,6.57,8,3,0
56,18,12,18,4.7,9,0,1
97,16,8,37,7.92,9,2,1
39,9,12,31,4.09,7,3,0
72,9,15,49,4.33,4,2,0
50,5,9,16,8.33,5,4,0
68,16,6,31,6.77,2,2,1
69,29,17,48,5.19,6,2,1
57,8,13,41,6.52,2,1,0
67,14,7,37,3.33,2,1,1
95,6,15,29,8.57,4,1,0
87,9,15,26,4.51,2,4,0
88,15,12,19,7.33,6,2,1
68,27,16,34,3.71,1,1,1
92,6,17,44,7.08,7,0,0
90,15,7,38,4.28,5,1,1
94,18,18,23,8.52,3,3,0
84,23,12,36,2.2,5,2,1
89,25,13,32,7.08,7,3,0
48,16,14,18,2.45,5,0,0
76,7,8,28,5.69,6,1,0
50,26,6,20,6.37,8,1,1
44,24,5,22,5.98,4,0,0
87,24,9,45,6.3,6,2,1
81,20,16,42,2.04,3,3,0
34,23,7,48,5.35,1,0,0
73,9,6,35,8.74,2,0,0
49,11,5,32,7.96,9,2,0
39,29,14,20,6.44,5,0,0
81,21,19,42,7.68,1,1,1
34,27,9,11,8.7,1,2,0
31,26,14,35,7.99,4,1,0
63,25,7,20,2.82,6,3,0
96,29,17,21,2.63,9,4,0
84,12,11,21,8.06,2,0,1
41,18,5,24,8.22,9,0,0
36,20,7,17,3.73,9,3,0
75,21,12,33,4.38,1,2,1
57,15,16,46,8.31,6,2,1
74,29,11,49,3.15,2,1,1
62,22,16,39,8.4,2,3,0
59,15,7,31,7.34,1,4,0
96,11,16,15,8.19,1,3,0
75,9,16,39,3.49,6,2,0
58,10,15,39,7.18,3,4,0
62,5,8,22,4.29,7,1,0
43,11,8,21,2.79,1,0,0
51,13,8,47,2.7,5,2,1
65,23,6,29,8.47,9,3,0
76,6,18,38,7.23,1,2,0
74,23,5,16,4.22,6,3,0
55,9,17,18,8.4,2,4,0
66,27,19,16,6.01,2,2,1
52,14,12,42,2.21,8,0,1
52,21,16,40,7.79,8,2,1
43,16,11,18,4.76,6,4,0
40,11,13,29,7.89,1,1,0
96,12,14,46,4.39,3,0,1
36,15,18,37,5.15,8,3,0
97,13,9,47,2.15,1,2,1
88,11,7,41,4.49,3,0,1
73,12,18,14,6.06,9,2,1
59,14,18,37,6.52,1,4,0
52,8,16,31,6.43,3,3,0
46,14,12,23,6.19,2,2,0
41,9,19,44,6.11,8,2,0
71,8,14,12,5.41,5,1,0
89,26,9,39,8.78,4,1,1
80,26,17,17,8.03,6,3,0
97,22,9,38,2.1,2,1,1
89,10,13,35,7.32,9,1,1
46,22,11,25,8.77,8,0,0
39,24,9,17,6.82,2,1,0
79,22,8,15,5.53,1,4,0
95,16,11,37,8.91,2,3,0
67,21,13,37,3.82,8,0,1
82,14,18,12,4.61,4,3,0
50,17,13,30,7.4,2,1,1
85,27,13,12,5.93,4,2,1
93,9,7,22,8.38,6,3,0
77,8,18,43,5.43,2,4,0
94,14,12,38,8.65,6,2,1
47,18,5,23,7.28,2,4,0
71,6,19,22,7.99,3,0,0
83,7,15,18,5.39,3,3,0
83,9,12,33,2.71,6,0,0
39,15,16,48,3.87,6,0,0
30,19,18,23,6.48,3,4,0
39,14,5,10,7.85,3,4,0
95,9,5,40,8.8,4,1,0
61,6,14,30,4.1,7,0,0
75,16,10,24,2.71,1,3,0
85,6,19,12,4.32,8,1,0
76,28,7,44,5.37,6,0,1
32,6,11,36,3.89,7,3,0
85,5,5,37,2.16,6,4,0
72,6,14,48,4.48,7,0,0
76,28,8,15,8.14,5,3,0
97,27,11,13,2.34,2,3,0
85,11,15,45,7.71,7,1,1
96,14,18,21,2.43,1,1,1
30,17,14,38,5.07,9,0,0
91,22,17,29,8.02,7,0,1
98,28,7,20,6.29,6,3,0
41,22,13,48,6.36,8,1,0
51,21,7,34,7.55,4,1,1
53,18,10,14,8.33,6,0,1
70,7,6,32,8.59,3,3,0
53,27,14,21,2.39,4,1,1
70,14,7,49,4.52,3,1,1
32,14,10,25,4.94,5,0,0
37,7,12,13,4.62,3,1,0
92,8,16,33,2.75,5,3,0
34,12,18,31,2.08,4,2,0
43,27,15,22,4.5,4,4,0
58,19,16,11,4.16,8,2,1
73,9,17,42,5.72,4,0,0
61,8,17,37,7.35,1,2,0
95,11,19,38,6.31,5,2,1
80,7,10,32,2.29,1,4,0
93,8,13,37,4.64,1,0,0
34,21,10,37,2.36,8,3,0
63,9,10,16,8.5,3,0,0
61,5,18,41,8.33,1,3,0
63,27,6,41,3.45,3,4,0
38,19,6,15,8.3,1,0,0
37,17,14,24,5.42,6,3,0
50,19,5,46,5.66,7,4,0
92,18,13,29,3.69,6,3,0
70,15,10,49,6.5,3,4,0
92,28,9,17,3.87,2,3,0
68,16,14,25,5.93,7,2,1
48,8,18,31,6.09,6,0,0
39,16,17,12,8.94,3,0,0
48,15,14,25,2.6,3,1,0
39,11,16,48,8.91,1,3,0
77,7,16,11,4.97,3,1,0
66,25,11,17,3.23,4,3,0
30,19,11,26,7.87,1,2,0
87,29,17,27,2.29,5,4,0
37,29,14,23,8.17,9,3,0
63,6,16,34,7.36,9,4,0
32,28,17,11,3.66,6,2,0
81,25,7,22,5.72,5,2,1
43,12,16,13,7.31,7,1,0
77,12,6,25,5.53,4,4,0
71,11,10,41,5.53,9,2,1
81,23,12,49,8.39,6,4,0
83,13,13,39,2.83,8,4,0
52,26,5,46,5.91,2,0,1
45,15,12,37,6.22,4,3,0
46,15,11,28,7.0,9,4,0
50,27,11,22,6.1,1,2,1
32,12,8,41,3.62,7,0,0
87,16,15,25,2.64,6,4,0
55,5,6,24,7.69,6,4,0
68,27,9,14,5.39,1,0,1
52,21,10,13,4.75,8,1,1
79,28,12,40,3.72,9,0,1
66,11,5,16,6.15,8,1,1
88,22,5,21,4.4,6,3,0
90,26,16,14,6.47,2,1,1
38,10,10,26,2.35,5,3,0
68,21,19,26,6.84,9,2,1
40,14,19,23,4.28,2,2,0
58,24,6,29,4.46,3,0,1
41,29,6,39,8.36,1,1,0
54,12,11,28,4.66,3,2,1
76,12,9,13,8.64,8,0,1
59,9,17,41,6.15,2,3,0
67,13,14,35,5.26,5,4,0
62,17,18,31,5.03,3,0,1
40,25,12,33,3.69,8,3,0
83,7,9,33,7.14,4,3,0
50,13,5,43,2.45,1,0,1
66,27,17,48,2.56,8,1,1
72,21,9,42,3.15,5,0,1
57,15,5,28,6.77,6,2,1
71,26,11,24,7.05,7,0,1
96,6,17,34,6.31,4,1,0
60,14,12,39,3.63,8,1,1
31,18,19,14,2.41,3,4,0
99,7,10,41,4.22,3,1,0
41,19,13,11,5.42,4,1,0
79,10,15,13,6.46,5,4,0
82,29,14,24,2.03,7,2,1
54,6,6,26,5.25,6,4,0
87,11,8,48,2.26,2,1,1
60,8,8,44,4.2,9,2,0
67,6,11,48,8.44,7,1,0
41,12,14,41,5.62,7,0,0
76,7,18,27,5.56,2,0,0
48,24,15,14,3.04,1,2,0
81,7,18,25,8.09,9,2,0
72,23,9,43,3.0,7,4,0
31,7,10,13,8.74,1,0,0
84,20,8,27,4.53,9,3,0
53,25,12,10,6.03,7,2,1
49,13,9,31,4.35,7,0,0
62,8,6,42,5.46,3,4,0
32,26,6,31,8.92,8,1,0
94,21,6,43,4.57,5,4,0
95,10,19,10,8.0,9,2,1
82,19,5,15,2.91,5,1,1
55,6,10,37,5.32,1,3,0
37,22,18,44,3.76,3,3,0
41,29,5,17,3.76,8,4,0
64,8,10,10,4.09,5,4,0
55,14,6,21,4.13,1,4,0
63,8,18,43,7.35,8,3,0
90,16,17,14,5.13,4,0,1
66,9,10,16,3.48,1,2,0
47,11,18,12,4.5,3,2,0
62,22,15,44,2.02,7,0,1
78,26,17,15,3.14,2,2,1
80,15,14,38,3.96,3,0,1
60,25,15,48,8.16,1,0,1
49,16,15,28,5.43,1,0,0
93,24,12,20,2.22,3,3,0
66,14,11,47,3.29,9,1,1
93,10,16,17,2.47,6,2,1
49,9,7,28,5.09,1,0,0
53,24,16,46,7.93,3,2,1
42,27,14,22,3.0,3,4,0
97,26,16,36,3.79,8,3,0
39,18,5,33,4.33,2,3,0
75,17,13,41,8.17,2,1,1
65,12,5,18,3.8,6,2,1
85,29,18,31,2.53,7,3,0
62,17,19,38,8.32,2,3,0
39,5,13,28,5.43,2,0,0
37,8,7,44,8.36,6,4,0
90,23,7,42,4.96,7,1,1
78,10,11,10,5.83,2,3,0
66,24,8,44,6.48,5,3,0
78,12,5,16,4.44,5,2,1
49,13,8,21,3.99,7,0,0
47,8,9,40,8.54,3,0,0
32,29,6,12,5.68,8,3,0
54,22,12,16,2.18,1,2,1
91,29,11,31,2.86,9,1,1
